generation,mean,std,median
Contrastive,37.65432098765432,3.518843389810337,37.77777777777778
Legacy LLM,57.66414141414141,20.915936638573704,51.54040404040404
Next-Gen LLM,91.62878787878788,4.118157923427495,90.74074074074073
