gt_class,Contrastive,Legacy LLM,Next-Gen LLM,improvement
11HH(MARY MAGDALENE),56.018518518518526,67.36111111111111,90.27777777777779,22.91666666666667
11H(JOHN THE BAPTIST),4.444444444444445,66.66666666666666,100.0,33.33333333333334
11H(JEROME),20.13888888888889,43.75,93.75,50.0
11H(PETER),15.873015873015872,36.84210526315789,87.95180722891565,51.109701965757765
11H(FRANCIS),55.55555555555556,33.33333333333333,91.66666666666666,58.33333333333333
