dataset_pair,Contrastive,Legacy LLM,Next-Gen LLM
ArtDL × ICONCLASS,61.111111111111114,100.0,100.0
ArtDL × wikidata,37.32193732193732,58.04347826086956,94.00428265524626
ICONCLASS × wikidata,35.55555555555556,48.333333333333336,71.66666666666667
