,std,std,range,range
,mean,median,mean,median
generation,,,,
Contrastive,4.716664422466571,4.625924443258073,9.25925925925926,8.888888888888893
Legacy LLM,9.266689023474687,3.0608645336623894,16.477272727272727,5.606060606060609
Next-Gen LLM,5.012020571829086,4.788223418620559,9.558080808080803,8.888888888888886
