group_1,group_2,n_1,n_2,mean_1,mean_2,U_statistic,p_value,significant_0.05,effect_size_r
Contrastive,Legacy LLM,6,4,37.65432098765432,57.72841193893825,1.0,0.01904761904761905,True,0.041666666666666664
Contrastive,Next-Gen LLM,6,4,37.65432098765432,91.64455500276395,0.0,0.009523809523809525,True,0.0
Legacy LLM,Next-Gen LLM,4,4,57.72841193893825,91.64455500276395,0.0,0.02857142857142857,True,0.0
